template,rouge1,rougeL,fre
few_shot.txt,0.18027666666666667,0.11467999999999999,82.7724901964828
instruction_based.txt,0.24814999999999998,0.14715999999999999,65.38026430814912
pattern_based.txt,0.2515266666666667,0.15673666666666666,66.5461758295558
target_audience.txt,0.2668433333333333,0.16783666666666666,64.18435437520051
zero_shot.txt,0.2291733333333333,0.13444333333333333,70.64393025045338
