template,rouge1,rougeL,fre
few_shot.txt,0.1096,0.07701,61.53250000000003
instruction_based.txt,0.3094,0.21314000000000002,66.77511459129144
pattern_based.txt,0.2702,0.18944,63.48883778466357
target_audience.txt,0.26456,0.17981,64.58069731442326
zero_shot.txt,0.30665,0.19116,63.9879577035819
